batch_size,budget_tested,throughput_tokens_per_sec,cost_per_hour,cost_per_million_tokens,total_runtime_hours,total_cost,pipeline_stages,gpu_type,tp_degree,num_gpus,total_layers,is_best,status
128,195.84,23551.52,195.84,2.309830,11.79,2309.83,8,V100,8,64,80,YES,SUCCESS
128,235.01,23551.52,195.84,2.309830,11.79,2309.83,8,V100,8,64,80,YES,SUCCESS
128,235.01,23551.52,195.84,2.309830,11.79,2309.83,8,V100,8,64,80,YES,SUCCESS
128,293.76,23551.52,195.84,2.309830,11.79,2309.83,8,V100,8,64,80,YES,SUCCESS
128,470.02,23551.52,195.84,2.309830,11.79,2309.83,8,V100,8,64,80,YES,SUCCESS
